"Date","Algerian dinar   (DZD)                     ","Australian dollar   (AUD)                     ","Botswana pula   (BWP)                     ","Brazilian real   (BRL)                     ","Brunei dollar   (BND)                     ","Canadian dollar   (CAD)                     ","Chilean peso   (CLP)                     ","Chinese yuan   (CNY)                     ","Czech koruna   (CZK)                     ","Danish krone   (DKK)                     ","Euro   (EUR)                     ","Indian rupee   (INR)                     ","Israeli New Shekel   (ILS)                     ","Japanese yen   (JPY)                     ","Korean won   (KRW)                     ","Kuwaiti dinar   (KWD)                     ","Malaysian ringgit   (MYR)                     ","Mauritian rupee   (MUR)                     ","Mexican peso   (MXN)                     ","New Zealand dollar   (NZD)                     ","Norwegian krone   (NOK)                     ","Omani rial   (OMR)                     ","Peruvian sol   (PEN)                     ","Philippine peso   (PHP)                     ","Polish zloty   (PLN)                     ","Qatari riyal   (QAR)                     ","Russian ruble   (RUB)                     ","Saudi Arabian riyal   (SAR)                     ","Singapore dollar   (SGD)                     ","South African rand   (ZAR)                     ","Swedish krona   (SEK)                     ","Swiss franc   (CHF)                     ","Thai baht   (THB)                     ","Trinidadian dollar   (TTD)                     ","U.A.E. dirham   (AED)                     ","U.K. pound   (GBP)                     ","U.S. dollar   (USD)                     ","Uruguayan peso   (UYU)                     ",""
"3-Jan-23","132.1984","1.318044","10.83424","5.0606","1.3276","1.2718","735.09","6.5336","21.34","21.35","0.8222","0.8777","73.31","3.1","102.3","109.4","4.1","41.23","39.27","19.69","1.38","8.4566","2.534","50.234","4.455","3.855","76.89","72.6546","1.243","1.3111","13.567","7.453","0.4543","29.56","5.87","0.456","1","43.4646",""
"4-Jan-23","132.1625","1.316829","10.82251","5.098","1.3264","1.2775","723.44","6.542","21.37","21.323","6.0684","0.815727","73.5146","3.241","103.25","1092.8","","","39.5992","19.9487","1.399384","8.5784","","","4.059","3.6322","76.878","73.3155","","1.3264","14.53395","8.2615","0.883","29.805","6.7641","","1","43.565","42.128"
"5-Jan-23","138.856","1.382743","11.79245","5.6622","1.3557","1.2717","852.03","6.372","21.739","6.5716","0.88347","74.484","3.093","116.2","1194.3","0.30265","4.1905","43.4163","20.3977","1.467782","8.8057","0.3845","3.953","51.246","4.0396","3","76.88","3.75","1.3557","15.85395","9.0676","0.9151","33.198","6.7495","3.6725","0.738498","1","44.731",""
"6-Jan-23","138.856","1.382743","11.79245","5.6622","1.3557","1.2717","852.03","6.372","21.739","6.5716","0.88347","74.484","3.093","116.2","1194.3","0.30265","4.1905","43.4163","20.3977","1.467782","8.8057","0.3845","3.953","51.246","4.0396","","76.89","3.75","1.3557","15.85395","9.0676","0.9151","33.198","6.7495","3.6725","0.738498","1","44.731",""
"7-Jan-23","138.893","1.39334","11.76471","5.7036","1.3584","1.2741","841.63","6.3742","21.679","6.5747","0.883783","74.4398","3.109","116.04","1198.2","0.30265","4.202","43.4556","20.4588","1.472754","8.8688","0.3845","3.967","51.108","4.0383","","76.878","3.75","1.3584","15.77045","","0.9178","33.372","6.7824","3.6725","0.738716","1","",""
"10-Jan-23","138.856","1.382743","11.79245","5.6622","1.3557","1.2717","852.03","6.372","21.739","6.5716","0.88347","74.484","3.093","116.2","1194.3","0.30265","4.1905","43.4163","20.3977","1.467782","8.8057","0.3845","3.953","51.246","4.0396","","76.869","3.75","1.3557","15.85395","9.0676","0.9151","33.198","6.7495","3.6725","0.738498","1","44.731",""
"11-Jan-23","139.6831","1.391208","11.60093","5.4972","1.3509","1.2492","820.6","6.3527","21.427","6.5596","0.881446","74.5955","3.125","114.7","1188.9","0.30235","4.1925","43.6117","20.46","1.476233","8.7587","0.3845","3.859","51.32","3.993","3.64","76.8697","3.75","1.3509","15.35035","9.1356","0.91605","33.19","6.7583","3.6725","0.733622","1","44.639",""
"12-Jan-23","139.6498","1.381597","11.54734","5.416","1.3469","1.2474","813.46","6.3424","21.399","6.5641","0.88199","74.3618","3.134","114.28","1191.8","0.30235","4.1855","43.6247","20.4507","1.474709","8.7827","0.3845","3.851","51.458","3.9833","3.64","76.4408","3.75","1.3469","15.21995","9.1066","0.91545","32.939","6.746","3.6725","0.73497","1","44.609",""
"13-Jan-23","139.6498","1.381597","11.54734","5.416","1.3469","1.2474","813.46","6.3424","21.399","6.5641","0.88199","74.3618","3.134","114.28","1191.8","0.30235","4.1855","43.6247","20.4507","1.474709","8.7827","0.3845","3.851","51.458","3.9833","3.64","76.4408","3.75","1.3469","15.21995","9.1066","0.91545","32.939","6.746","3.6725","0.73497","1","44.609",""
"14-Jan-23","139.7826","1.390434","11.50748","5.4395","1.3462","1.2545","805.25","6.3411","21.452","6.559","0.881213","74.5343","3.14","113.83","1190.4","","4.1865","43.6685","20.4598","1.485001","8.8582","0.3991","3.82","51.428","3.9953","","76.6903","","1.3462","15.1492","9.1803","0.91315","33.012","6.7542","","0.737599","1","44.534",""
"18-Jan-23","139.8571","1.392758","11.48106","5.4904","1.3448","1.2656","799.23","6.3318","21.694","6.5845","0.884643","74.5788","3.167","113.83","1193.6","0.30225","4.1835","43.5937","20.6308","1.489869","8.9913","0.3845","3.835","51.423","4.0049","3.64","77.3649","3.75","1.3448","15.2689","9.2027","0.9124","33.028","6.753","3.6725","0.7414","1","44.538",""
"19-Jan-23","139.8642","1.401935","11.56069","5.4965","1.3431","1.2629","800.31","6.329","21.737","6.6061","0.887469","74.7025","3.183","113.98","1194.2","0.30235","4.188","43.7139","20.6683","1.494098","8.9976","0.3845","3.843","51.312","4.0593","3.64","78.6422","3.75","1.3431","15.328","9.2734","0.92015","33.042","6.7619","3.6725","0.743716","1","44.475",""
"20-Jan-23","139.8758","1.3888","11.52074","5.4423","1.3438","1.2606","806.06","6.3234","21.744","6.5993","0.886761","74.666","3.176","113.81","1197.8","0.30235","4.1905","43.7167","20.6415","1.496558","8.8778","0.3845","3.84","51.313","4.0684","3.64","78.9437","3.75","1.3438","15.14135","9.259","0.9205","32.959","6.7672","3.6725","0.74011","1","44.293",""
"21-Jan-23","139.6498","1.381597","11.54734","5.416","1.3469","1.2474","813.46","6.3424","21.399","6.5641","0.88199","74.3618","3.134","114.28","1191.8","0.30235","4.1855","43.6247","20.4507","1.474709","8.7827","0.3845","3.851","51.458","3.9833","3.64","77.3649","3.75","1.3448","15.2689","9.2027","0.9124","33.028","6.753","3.6725","0.7414","1","44.538",""
"24-Jan-23","140.424","1.42288","11.64144","5.3948","1.3529","1.2772","799.15","6.3642","21.94","6.6827","0.897827","74.9513","3.196","115.44","1202.4","","4.192","43.8325","20.8597","1.520681","9.0016","","3.839","51.393","4.1048","","77.8174","","1.3529","15.59735","9.4369","0.93185","33.272","6.7495","","0.746882","1","44.165",""
"25-Jan-23","140.3482","1.42633","","5.3568","1.3557","1.2719","810.12","6.3424","21.84","6.6708","0.896379","74.9674","3.195","115.43","","0.303","4.189","43.6686","","1.52765","8.9714","0.3845","","51.273","4.1147","3.64","77.4702","3.75","1.3557","15.5724","9.3811","0.93395","33.431","6.7277","3.6725","0.746046","1","44.154",""
"26-Jan-23","140.343","1.415228","11.60093","5.2804","1.3566","1.2694","","6.3411","21.615","6.6081","0.888099","74.5295","3.169","115.15","","","","","","1.52207","8.8488","0.3845","3.866","","4.0689","3.64","77.1302","3.75","","15.2156","9.2868","0.921","33.244","6.7416","3.6725","0.741015","1","43.907",""
"27-Jan-23","140.2995","1.401738","","5.295","1.3567","1.2677","801.52","6.3318","21.449","6.5692","0.883158","74.8334","3.16","114.7","","0.30255","","","20.6003","1.504212","8.7634","0.3845","3.852","51.135","4.0283","3.64","76.4849","3.75","","15.27785","9.2185","0.91935","33.211","6.7292","3.6725","0.737191","1","43.854",""
"28-Jan-23","140.5129","1.38217","11.48106","5.0137","","1.2718","796.25","6.3219","21.574","6.5575","0.881523","74.6224","3.223","","1194.7","","4.1845","43.895","20.2435","1.481262","8.8448","0.3845","3.709","51.445","3.9937","3.64","","3.75","1.3452","15.0685","9.3139","0.9196","32.394","6.769","3.6725","0.736025","1","42.268",""
"31-Jan-23","140.8421","1.389275","11.57407","5.1168","1.3516","1.2832","787.05","6.3189","22.452","6.6653","0.895817","75.2578","3.271","114.94","1192.1","0.3027","4.196","43.9313","20.6525","1.481043","9.0368","0.3845","3.786","51.271","4.1281","3.64","86.9288","3.75","1.3516","15.29515","9.5144","0.92335","32.451","6.7709","3.6725","0.746547","1","43.025",""
"1-Feb-23","140.3694","1.397624","11.49425","5.1624","1.3459","1.2686","804.17","6.3357","21.425","6.5433","0.879353","75.0815","3.183","115.69","1198.5","0.30255","4.189","43.7683","20.3335","1.506024","8.8898","0.3845","3.769","51.37","3.9478","3.64","75.0141","3.75","1.3459","15.0753","9.2589","0.92465","","","3.6725","0.737572","1","43.016",""
"2-Feb-23","140.648","1.404889","11.53403","5.21","1.347","1.2738","806.24","6.3588","21.676","6.5757","0.883704","75.5533","3.262","115.4","1199.6","0.30245","4.192","43.7263","20.411","1.505344","8.8983","0.3845","3.782","51.329","4.0439","3.64","76.5762","3.75","1.347","15.20005","9.385","0.92475","32.592","6.7564","3.6725","0.739973","1","43.091",""
"3-Feb-23","140.6065","1.403115","11.50748","5.1875","1.3467","1.2741","812.24","6.3516","21.527","6.5599","0.881446","75.6611","3.225","115.42","1198.3","0.30255","4.1865","43.7676","20.3992","1.510118","8.8932","0.3845","3.797","51.375","3.974","3.64","76.166","3.75","1.3467","15.1155","9.3116","0.9244","32.343","6.7474","3.6725","0.738798","1","43.074",""
"4-Feb-23","140.4132","1.394311","11.46789","5.1559","1.3448","1.2695","799.55","6.3346","21.444","6.5434","0.879507","75.0866","3.189","115.45","1196.9","0.30245","4.185","43.7814","20.2978","1.494768","8.9028","0.3845","3.747","51.296","3.9687","3.64","75.7527","3.75","1.3448","14.96785","9.3099","0.92065","32.236","6.7528","3.6725","0.734754","1","43.057",""
"7-Feb-23","140.7375","1.388503","11.53403","5.0605","1.3478","1.2743","799.99","6.3374","21.596","6.559","0.881679","74.8804","3.219","114.7","1194.6","0.3025","4.1845","43.7356","20.2977","1.490757","8.9065","0.3845","3.737","51.393","4.012","3.64","80.4194","3.75","1.3478","","9.3898","0.91915","32.396","6.7606","3.6725","0.737762","1","42.634",""
"8-Feb-23","140.5129","1.38217","11.48106","5.0137","","1.2718","796.25","6.3219","21.574","6.5575","0.881523","74.6224","3.223","114.68","1194.7","0.3022","4.1845","43.895","20.2435","1.481262","8.8448","0.3845","3.709","51.445","3.9937","3.64","79.98","3.75","1.3452","15.0685","9.3139","0.9196","32.394","6.769","3.6725","0.736025","1","42.268",""
"9-Feb-23","140.8421","1.389275","11.57407","5.1168","1.3516","1.2832","787.05","6.3189","22.452","6.6653","0.895817","75.2578","3.271","114.94","1192.1","0.3027","4.196","43.9313","20.6525","1.481043","9.0368","0.3845","3.786","51.271","4.1281","3.64","86.9288","3.75","1.3516","15.29515","9.5144","0.92335","32.451","6.7709","3.6725","0.746547","1","43.025",""
"10-Feb-23","140.0048","1.412031","","5.3806","1.3504","1.2712","798.86","6.3612","21.891","6.6692","0.896057","75.1724","3.196","114.67","1197","0.3027","4.203","43.8057","20.7383","1.506251","8.9519","0.3845","3.833","51.24","4.083","3.64","78.947","3.75","1.3504","15.25705","9.3588","0.93065","33.189","6.7745","3.6725","0.747049","1","",""
"11-Feb-23","140.2881","1.42288","11.64144","5.3948","1.3529","1.2772","799.15","6.3642","21.94","6.6827","0.897827","74.9513","3.196","115.44","1202.4","","4.192","43.8325","20.8597","1.520681","9.0016","","3.839","51.393","4.1048","3.64","77.8174","","1.3529","15.59735","9.4369","0.93185","33.272","6.7495","","0.746882","1","44.165",""
"14-Feb-23","140.3882","1.387732","11.44165","5.1333","1.3432","1.2734","798.98","6.3276","21.435","6.5512","0.880747","74.9223","3.193","114.94","1197.1","","4.1845","43.8168","20.3063","1.494992","8.9365","0.38452","3.712","51.288","3.9798","","75.7619","","1.3432","15.027","9.2995","0.92065","32.147","6.7388","","0.734241","1","43.023",""
"15-Feb-23","140.4132","1.394311","11.46789","5.1559","1.3448","1.2695","799.55","6.3346","21.444","6.5434","0.879507","75.0866","3.189","115.45","1196.9","0.30245","4.185","43.7814","20.2978","1.494768","8.9028","0.3845","3.747","51.296","3.9687","3.64","75.7527","3.75","1.3448","14.96785","9.3099","0.92065","32.236","6.7528","3.6725","0.734754","1","43.057",""
"16-Feb-23","140.3882","1.387732","11.44165","5.1333","1.3432","1.2734","798.98","6.3276","21.435","6.5512","0.880747","74.9223","3.193","114.94","1197.1","","4.1845","43.8168","20.3063","1.494992","8.9365","","3.712","51.288","3.9798","","75.7619","","1.3432","15.027","9.2995","0.92065","32.147","6.7388","","0.734241","1","43.023",""
"17-Feb-23","140.4132","1.394311","11.46789","5.1559","1.3448","1.2695","799.55","6.3346","21.444","6.5434","0.879507","75.0866","3.189","115.45","1196.9","0.30245","4.185","43.7814","20.2978","1.494768","8.9028","0.3845","3.747","51.296","3.9687","3.64","75.7527","3.75","1.3448","14.96785","9.3099","0.92065","32.236","6.7528","3.6725","0.734754","1","43.057",""
"18-Feb-23","141.2799","1.37741","11.64144","","1.3566","1.2708","798.01","6.3133","22.824","6.6634","0.895897","75.7","3.23","115.25","","","4.195","","20.5272","1.478852","8.8334","","3.782","51.385","4.2193","3.64","91.7457","3.75","1.3566","15.41425","9.4766","0.9173","32.611","6.7376","3.6725","0.745768","1","",""
"22-Feb-23","141.9794","1.375705","11.66861","5.1341","1.3582","1.2668","803.27","6.3119","23.297","6.6979","0.900414","75.72","3.233","115","1205.6","0.3031","4.192","44.0296","20.7193","1.478197","8.8984","0.3845","3.763","51.249","4.3302","3.64","103.2487","3.75","1.3582","15.4657","9.7027","0.9194","32.671","6.7465","3.6725","0.749963","1","42.715",""
"23-Feb-23","141.9045","1.369675","11.65501","","1.3563","1.2664","807.31","6.3194","23.154","6.7171","0.902853","75.7111","3.24","115.6","1205","0.3032","4.1905","44.1733","20.7033","1.475579","8.8857","0.3845","3.725","51.391","4.3257","3.64","111.7564","3.75","1.3563","15.2443","9.7061","0.9205","32.539","6.7482","3.6725","0.747971","1","42.574",""
"24-Feb-23","141.1101","1.389275","11.60093","5.1388","","1.2747","807.26","6.3141","21.986","6.635","0.891583","75.2842","3.259","115.54","","","4.198","43.9336","20.4465","1.493875","8.8941","","3.753","","4.1683","","83.5485","","","15.21255","9.5289","0.92655","32.531","6.7457","","0.746965","1","42.533",""
"25-Feb-23","141.253","1.39237","","","","1.2698","805.25","6.3109","22.325","6.6438","0.892937","75.4882","3.238","115.55","1202.7","","4.201","44.0047","20.4257","1.494768","8.8816","0.3845","","51.291","4.1965","3.64","93.5589","3.75","1.3597","15.39345","9.5274","0.9217","32.723","6.7392","3.6725","0.746575","1","",""
"28-Feb-23","141.9794","1.375705","11.66861","5.1341","1.3582","1.2668","803.27","6.3119","23.297","6.6979","0.900414","75.72","3.233","115","1205.6","0.3031","4.192","44.0296","20.7193","1.478197","8.8984","0.3845","3.763","51.249","4.3302","3.64","103.2487","3.75","1.3582","15.4657","9.7027","0.9194","32.671","6.7465","3.6725","0.749963","1","42.715",""
"1-Mar-23","141.2799","1.37741","11.64144","","1.3566","1.2708","798.01","6.3133","22.824","6.6634","0.895897","","3.23","115.25","","","4.195","","20.5272","1.478852","8.8334","","3.782","51.385","4.2193","3.64","91.7457","3.75","1.3566","15.41425","9.4766","0.9173","32.611","6.7376","3.6725","0.745768","1","",""
"2-Mar-23","141.9794","1.375705","11.66861","5.1341","1.3582","1.2668","803.27","6.3119","23.297","6.6979","0.900414","75.72","3.233","115","1205.6","0.3031","4.192","44.0296","20.7193","1.478197","8.8984","0.3845","3.763","51.249","4.3302","3.64","103.2487","3.75","1.3582","15.4657","9.7027","0.9194","32.671","6.7465","3.6725","0.749963","1","42.715",""
"3-Mar-23","141.9045","1.369675","11.65501","","1.3563","1.2664","807.31","6.3194","23.154","6.7171","0.902853","75.7111","3.24","115.6","1205","0.3032","4.1905","44.1733","20.7033","1.475579","8.8857","0.3845","3.725","51.391","4.3257","3.64","111.7564","3.75","1.3563","15.2443","9.7061","0.9205","32.539","6.7482","3.6725","0.747971","1","42.574",""
"4-Mar-23","142.2855","1.366494","11.56069","5.0758","1.3577","1.2651","803.55","6.3476","22.423","6.736","0.904895","75.8935","","118.97","1240.4","0.30385","4.19","43.8762","20.5585","1.461347","8.8499","0.3845","3.73","52.285","4.2403","3.64","104.8012","3.75","1.3577","14.95305","9.4115","0.93985","33.253","6.7452","3.6725","0.760138","1","42.507",""
"7-Mar-23","142.199","1.355014","11.53403","5.0405","1.3557","1.2617","798.13","6.3619","22.567","6.7608","0.90843","76.132","","118.68","1220.6","","4.203","44.0369","20.4145","1.450747","8.8063","","3.761","52.167","4.2707","","103.9524","","1.3557","14.97945","9.4303","0.93565","33.307","6.7406","","0.761644","1","42.617",""
"8-Mar-23","142.4118","1.350621","11.58749","4.966","1.356","1.2593","802.23","6.3634","22.366","6.7413","0.905961","76.1347","3.239","","1211.1","0.30385","4.2","44.0888","","1.445713","8.8334","0.3845","3.782","52.336","4.2444","3.64","104.6819","3.75","1.356","","9.4301","0.9307","33.461","6.7577","3.6725","0.760861","1","42.523",""
"9-Mar-23","142.8185","1.352448","11.58749","4.9202","1.3583","1.2588","798.5","6.3603","","6.7491","0.907112","76.3807","","120","1213.7","0.3041","4.2135","44.2176","20.2782","1.45518","8.8984","0.3845","3.769","52.365","4.272","3.64","104.0741","3.75","1.3583","14.8355","9.4775","","33.632","6.7656","3.6725","0.756344","1","42.322",""
"10-Mar-23","142.5994","1.340662","11.52074","4.8698","1.3568","1.2571","793.22","6.376","22.397","6.7711","0.910332","76.1872","3.231","121.19","1221.4","0.3041","4.2195","44.1875","20.18","1.436575","8.8857","0.3845","3.766","52.427","4.2772","3.64","103.1618","3.75","1.3568","14.82445","9.4422","0.93485","33.544","6.7684","3.6725","0.757346","1","42.052",""
"11-Mar-23","144.8254","1.436575","12.64223","5.2403","1.3809","1.2854","907.82","6.7547","24.226","7.3102","0.982222","79.5427","3.35","133.62","1310.5","0.30675","4.4543","45.28","20.3358","1.591596","9.7304","0.3845","3.885","55.674","4.634","3.64","60.258","3.75","1.3809","16.7444","10.1997","0.95945","36.151","6.7587","3.6725","0.821524","1","40.654",""
"14-Mar-23","145.2","1.42022","12.0233","4.12345","1.3555","1.2828","833.32","6.6666","23.0004","6.91111","0.9074","77.6718","3.332","130.72","","0.30595","","43.6784","19.5547","","","0.3845","3.724","52.821","4.2675","3.64","61.1094","3.75","1.3753","15.30855","","","34.391","6.7424","3.6725","0.796559","1","39.689",""
"15-Mar-23","145.411","1.39589","12.369","4.7759","1.372","1.2339","824.35","6.689","23.102","6.9458","0.93353","77.5554","3.326","128.22","","0.3058","4.387","43.4682","19.7388","1.534211","9.3762","0.3845","3.718","52.412","4.2817","3.628","61.4733","3.75","1.3725","15.52795","9.7826","0.9622","34.333","6.7307","3.6725","0.794282","1","40.037",""
"16-Mar-23","145.6214","1.397233","12.01923","4.7873","1.3766","1.2597","825.28","6.6764","23.095","6.9576","0.935279","77.5883","3.34","130.04","1238.4","0.30605","4.393","43.493","19.5585","1.545117","9.4318","0.3845","3.707","52.461","4.2931","3.64","61.575","3.75","1.3766","15.53495","9.8083","0.9595","34.385","6.7391","3.6725","","1","40.009",""
"17-Mar-23","145.2371","1.37798","11.96172","4.795","1.371","1.2579","815.56","","23.029","6.9327","0.931966","77.5994","","129.82","1251.2","","4.386","43.5584","19.5742","1.525437","9.4157","","3.702","52.58","4.2689","","61.9659","","1.371","15.49495","9.6968","0.9591","","6.7441","","","1","39.876",""
"18-Mar-23","145.2624","1.388696","11.99041","4.7833","1.3753","1.2564","813.38","6.6459","23.043","","0.932314","77.6718","3.332","130.75","","0.30595","","43.6784","19.5547","","","0.3845","3.724","52.821","4.2675","3.64","61.1094","3.75","1.3753","15.30855","","","34.391","6.7424","3.6725","0.796559","1","39.689",""
"21-Mar-23","145.615","1.39334","12.01923","4.8903","1.379","1.2555","817.99","6.6648","23.202","6.9776","0.93791","77.7239","3.338","132.23","1241.1","0.30615","4.397","43.7063","19.5998","1.545834","9.552","0.3845","3.747","52.916","4.2935","3.64","60.9565","3.75","1.379","15.39285","9.8218","0.97625","34.461","6.759","3.6725","0.800256","1","39.647",""
"22-Mar-23","145.6403","1.388503","11.97605","4.8705","1.3751","1.254","828.99","6.6774","22.944","6.9267","0.931185","77.7251","3.339","132.9","1257.1","0.30615","4.3925","43.7655","19.59","1.544759","9.4418","0.3845","3.751","52.922","4.2904","3.64","60.2282","3.75","1.3751","15.33815","9.8068","0.97745","34.482","6.7666","3.6725","0.797639","1","39.48",""
"23-Mar-23","145.4891","1.393534","11.93317","4.8945","1.3758","1.2644","821.66","6.6869","22.985","6.9246","0.930839","77.787","3.338","134.44","1255.4","0.30615","4.392","43.8942","19.6128","1.553639","9.4776","0.3845","3.749","52.899","4.2764","3.64","58.3895","3.75","1.3758","15.2801","9.8291","0.97775","34.517","6.7679","3.6725","0.797862","1","39.376",""
"24-Mar-23","145.9237","1.404297","12.0048","4.983","1.381","1.2777","827.19","6.6885","23.355","7.0324","0.945358","77.84","","134.2","1257.6","","4.399","43.958","19.9297","1.563233","9.5949","","3.765","52.945","4.3363","","57.778","","1.381","15.6255","9.8975","0.9815","34.67","6.757","","0.803729","1","39.575",""
"25-Mar-23","146.3441","","12.2549","5.1361","1.3907","1.2593","838.61","6.7347","23.649","7.1159","0.95648","78.143","","135","1236.4","0.3066","4.415","44.1207","20.4527","1.581153","9.873","","","52.951","4.4209","3.64","","3.75","1.3907","16.05755","10.0676","0.99275","34.812","6.7614","","0.819706","1","40.097",""
"28-Mar-23","146.3493","1.435544","12.2549","5.1827","1.3927","1.2588","863.33","6.7316","23.689","","0.956755","78.0015","","134.12","1241.7","0.3067","4.424","44.1419","20.6583","","","","","","4.4478","3.64","57.0926","3.75","1.3927","16.0585","10.1332","0.99415","34.951","","3.6725","0.827404","1","",""
"29-Mar-23","146.0823","1.448016","12.2399","5.2328","1.3919","1.2571","866.79","6.7201","23.689","7.1318","0.958681","78.0755","3.454","134.99","1247.1","0.30685","4.4193","44.1689","20.6675","1.603206","9.9576","0.3845","3.719","53.273","4.4455","3.64","56.6624","3.75","1.3919","16.01095","10.136","0.99855","35.079","","3.6725","0.827061","1","40.084",""
"30-Mar-23","146.5735","1.428776","","5.2208","1.3878","1.2854","863.95","6.7135","","","0.961538","78.0864","","134.26","1248.3","0.3067","4.3993","44.2361","20.5728","","10.0565","0.3845","","53.37","","3.64","","3.75","1.3878","","10.2683","","34.963","","3.6725","0.827369","1","",""
"31-Mar-23","145.8095","1.426127","12.22494","5.2173","1.3859","1.2828","869.62","6.7013","23.599","","0.953652","78.0875","3.46","133.2","1263.1","","4.402","44.379","","1.576293","","","","","4.463","","","","1.3859","15.93885","10.1651","0.96435","35.228","","","0.813008","1","",""
"1-Apr-23","145.653","1.436782","12.2549","5.1456","1.3855","1.2929","","6.6967","23.396","7.0515","0.947867","78.0861","3.454","135.19","1269.4","","4.399","44.462","20.1963","1.577411","9.7899","0.3845","3.717","54.005","4.3917","3.64","54.7081","3.75","1.3855","15.9244","10.0772","0.9666","35.385","6.7669","3.6725","0.814067","1","39.814",""
"4-Apr-23","145.9598","1.445713","12.2549","5.1503","1.3878","1.2942","880.82","6.7207","23.484","7.0703","0.95048","78.2115","3.464","136.47","","0.30655","4.402","44.6162","20.0465","1.588562","9.9843","0.3845","3.724","54.207","4.4338","3.64","53.2788","3.75","1.3878","15.96815","10.1635","0.9652","35.474","6.767","3.6725","0.816393","1","39.84",""
"5-Apr-23","145.8909","1.449696","12.22494","5.1827","1.3884","1.2982","886.64","6.7081","23.589","7.0893","0.953016","78.2662","3.447","135.2","1295.7","0.3063","4.406","44.7049","20.0365","1.597444","9.9828","0.3845","3.747","54.484","4.4881","3.64","53.3578","3.75","1.3884","16.01665","10.1694","0.96565","35.431","6.7708","3.6725","0.8188","1","39.722",""
"6-Apr-23","145.8158","1.447597","12.22494","5.2328","1.3887","1.2933","898.8","6.6958","23.501","7.0694","0.950209","78.3308","3.442","135.19","1300.7","","4.406","44.7537","19.8707","","9.915","","3.774","54.491","4.4656","","53.3234","","1.3887","15.9189","","0.95715","35.54","6.7803","","0.812645","1","39.716",""
"7-Apr-23","145.4714","1.443001","12.18027","5.2208","1.3858","1.2887","","6.6862","23.392","7.0382","0.945895","78.289","3.397","134.6","1299.4","0.3063","4.406","44.8695","19.8797","1.585163","9.8449","0.3845","3.783","54.839","4.4369","3.64","53.3641","3.75","1.3858","15.90325","10.0702","0.9583","35.416","6.7663","3.6725","0.814697","1","39.478",""
"8-Apr-23","145.4963","1.443418","12.18027","5.2173","1.3855","1.2864","911.49","6.6867","23.416","7.0442","0.94688","78.6966","3.436","135.45","1285.6","0.3063","","44.9147","19.9847","1.588184","9.7879","0.3845","3.77","54.982","4.4377","3.64","52.9699","3.75","1.3855","15.99465","10.0509","0.956","35.259","6.7561","3.6725","0.816927","1","39.074",""
"11-Apr-23","145.4972","1.449696","12.28501","5.2262","1.3876","1.2878","905.32","6.7024","23.522","7.0735","0.950841","78.9376","3.45","136.11","1284.9","0.30645","","44.9882","20.1443","1.599616","9.7998","0.3845","","54.757","4.4533","3.64","51.158","3.75","1.3876","16.086","10.1752","0.951","35.074","6.7603","3.6725","0.822538","1","39.468",""
"12-Apr-23","143.127","1.343364","11.7096","","1.3658","1.2529","816.29","6.4465","22.394","6.8341","0.918527","76.2091","3.217","128.28","1237.1","0.30525","4.287","43.2217","20.1802","1.474926","8.7984","0.3845","3.723","52.453","4.2596","3.64","74.999","3.75","1.3658","15.2331","9.3931","0.94805","33.825","6.7646","3.6725","0.765374","1","40.126",""
"13-Apr-23","143.702","1.363327","11.87648","4.732","1.3642","1.2702","817.85","6.4736","22.485","6.8782","0.924471","76.3279","","128.61","1236.4","","4.3075","43.1843","20.3183","1.488982","8.8985","","3.758","52.395","4.2935","","73.505","","1.3642","15.5598","9.5362","0.955","33.919","6.7763","","0.774683","1","40.049",""
"14-Apr-23","144.1584","","11.97605","4.8812","1.3741","1.2758","834.45","6.5507","22.725","6.9227","0.930579","76.7366","3.291","128.78","1241.7","0.30575","4.3475","43.0788","","","9.0283","0.3845","3.807","52.337","4.3188","3.64","73.3611","3.75","1.3741","15.6445","9.6014","0.95865","34.001","6.7629","3.6725","0.786751","1","40.701",""
"15-Apr-23","144.2084","1.385042","11.99041","4.966","1.3716","1.2797","850.85","6.5543","22.884","6.9696","0.936856","76.5612","3.292","127.6","1247.1","0.30575","4.348","43.0056","20.356","1.510574","9.1758","0.3845","3.811","52.428","4.3469","3.64","72.7089","3.75","1.3716","15.70085","9.7476","0.95795","34.144","6.781","3.6725","0.786473","1","40.91",""
"18-Apr-23","","1.392952","12.06273","5.0161","1.377","1.2828","847.57","6.5583","23.194","7.0311","0.944912","76.6414","3.325","127.62","1248.3","0.3061","4.3565","43.0744","20.4707","1.521838","9.2448","0.3845","3.824","52.255","4.4453","3.64","72.8764","","1.377","","9.8657","0.9644","34.36","6.7653","3.6725","0.79447","1","41.444",""
"19-Apr-23","144.5593","1.409245","12.13592","5.0104","1.3846","1.2829","847.44","6.607","23.393","7.0979","0.953743","76.6167","3.32","129.9","1263.1","0.30665","4.3615","43.1556","20.567","1.531159","9.4411","0.3845","3.846","52.261","4.4613","3.64","72.2953","","1.3846","15.9665","9.7979","0.97285","34.438","6.7542","3.6725","0.802182","1","41.335",""
"20-Apr-23","145.1267","1.398993","12.12121","4.9185","1.3848","1.2792","856.58","6.5866","23.344","7.0602","0.948767","76.4242","3.317","129.9","1269.4","0.30665","4.359","43.1997","20.3728","1.537515","9.2528","0.3845","3.83","52.158","4.4072","3.64","71.0237","3.75","1.3848","15.8293","9.7666","0.97055","34.338","6.7579","3.6725","0.795577","1","40.827",""
"21-Apr-23","","1.419849","","5.026","","","850.78","","23.443","7.0687","0.950209","76.4346","3.352","130.07","1265.4","0.30705","","43.2385","","1.553881","9.4306","0.3845","3.838","52.335","4.4454","3.64","","3.75","","","9.8383","0.9731","","","","","1","40.926",""
"22-Apr-23","","1.407063","12.19512","5.0161","","1.2847","860.64","","23.357","7.0484","0.947329","","3.369","","1265.8","0.30705","","","20.335","1.547628","9.3871","0.3845","","","","3.64","","3.75","","15.9492","9.8743","0.97725","34.464","6.7584","","0.800224","1","41.1",""
"25-Apr-23","145.5768","1.40647","12.0919","5.0087","","1.281","856.74","","23.402","7.0657","0.949577","76.4841","3.356","","1265.7","0.30725","","43.2052","20.2535","1.551229","9.4048","0.3845","","52.297","4.4456","3.64","69.416","3.75","1.3841","15.9492","9.8935","0.98155","","6.7416","","0.79885","1","41.261",""
"26-Apr-23","145.4319","1.381025","11.99041","","1.3735","","859.33","6.6179","23.287","7.0406","0.946253","76.0887","","","","0.3069","4.3365","43.2143","20.2218","1.524739","9.3171","0.3845","3.786","52.46","4.4017","3.64","66.2378","3.75","1.3735","15.69815","9.7667","0.9773","34.101","","3.6725","0.796876","1","",""
"27-Apr-23","145.7391","1.409443","12.21001","5.0744","1.3853","1.2882","863.1","6.6805","23.336","7.0388","0.946074","76.747","","130.5","1261.8","","4.3725","43.2162","20.1085","1.558846","9.4426","0.3845","3.803","52.331","4.4502","3.64","67.3843","3.75","1.3853","16.0344","10.0027","0.98325","34.375","6.7467","","0.808244","1","41.595",""
"28-Apr-23","145.7521","1.428163","12.2399","5.1334","1.391","1.2964","857.58","6.726","23.726","7.0447","0.947059","77.3679","3.438","130.8","1272.7","0.30695","4.3795","43.2622","20.3172","1.568874","9.5258","0.3845","3.814","","4.4784","3.64","","3.75","1.391","","10.0038","","34.526","6.7652","3.6725","0.810012","1","41.786",""
"29-Apr-23","145.6125","1.446759","12.73885","5.4282","1.3913","1.2884","929.83","6.7531","24.012","7.2999","0.980488","79.9738","3.447","138.15","1314.9","0.30715","4.449","45.1335","20.4913","1.602693","9.9346","0.3845","3.878","56.335","4.6524","3.64","54.8491","3.75","1.3913","17.0676","10.2008","0.9703","36.656","6.7672","3.6725","0.83462","1","41.844",""
"2-May-23","145.9337","1.447178","12.7551","5.4744","1.3924","1.2895","919.93","6.7643","23.963","7.2993","0.980488","79.9763","3.455","138.45","1308.6","0.30725","4.4565","45.0128","20.6562","1.607071","9.9765","0.3845","","56.277","4.6682","3.64","56.4783","3.75","1.3924","17.174","10.2197","0.97265","36.784","6.7758","3.6725","0.835981","1","",""
"3-May-23","","","","","","","","","","","","","","","","","","","","","","","","","","","","","","","","","","","","","","",""
"4-May-23","145.7979","1.447387","12.65823","5.4138","1.388","1.2852","932.83","6.7546","23.962","7.2733","0.976944","79.8488","3.44","136.6","1311.7","0.30705","4.4555","45.0147","20.4652","1.604879","9.8382","0.3845","3.91","56.327","4.6171","3.64","57.7821","3.75","1.388","16.76435","10.2083","0.96355","36.714","6.7541","3.6725","0.829807","1","41.676",""
"5-May-23","145.6248","1.436575","12.61034","5.3602","1.3861","1.2883","941.03","6.7572","24.313","7.3537","0.987752","79.7948","3.445","136.45","1311","0.30705","4.457","45.0467","20.433","1.594261","9.8879","0.3845","3.911","56.184","4.6222","3.64","58.6605","3.75","1.3861","16.8597","10.1991","0.9647","36.668","6.758","3.6725","0.833403","1","41.669",""
"6-May-23","145.6306","1.440922","12.69036","5.3068","1.3891","1.2872","922.04","6.7594","24.212","7.3331","0.985028","79.8967","3.427","136.99","1310","0.30725","4.46","45.1053","20.512","1.602949","9.8067","0.3845","3.916","55.647","4.7142","3.64","60.2198","3.75","1.3891","16.86975","10.2932","0.9614","36.822","6.7469","3.6725","0.829153","1","41.514",""
"9-May-23","145.6867","1.429388","12.57862","5.2143","1.3819","1.2835","920.49","6.743","24.296","7.3545","0.987947","79.7434","3.433","135.3","1312.8","0.3069","4.455","45.1292","20.3778","1.595914","9.779","0.3845","","55.635","4.6952","3.64","60.2031","3.75","1.3819","16.7847","10.2207","0.9615","","6.745","3.6725","0.825083","1","41.008",""
"10-May-23","145.698","1.427144","12.48439","5.1878","","1.2824","911.42","6.7286","24.135","7.2993","0.980584","79.4203","3.391","133","1304","","4.4485","45.139","20.3485","1.588562","","0.3845","","","4.6365","","61.3101","","1.3785","16.5236","10.1362","0.9516","","6.7483","","0.820883","1","40.934",""
"11-May-23","145.7334","","12.56281","5.16","1.3803","","905.1","6.7522","24.072","7.2762","0.977231","79.169","3.382","132.5","1298.6","0.3066","4.4515","45.2559","20.2633","1.589193","9.6392","0.3845","3.885","55.322","4.629","3.64","62.0506","3.75","1.3803","16.5011","10.1659","","36.207","","3.6725","0.816727","1","40.663",""
"12-May-23","145.7448","1.437608","12.5","5.2323","1.3769","1.2856","893.19","6.7607","24.112","7.2801","0.978091","78.6082","3.367","130.85","1306.4","0.3063","4.4565","45.0871","20.5152","1.580278","9.7129","0.3845","3.914","55.396","4.5984","3.64","60.1595","3.75","1.3769","16.59285","10.1743","0.95285","36.087","6.7269","3.6725","0.819437","1","41.013",""
"13-May-23","145.7423","1.442169","12.59446","5.284","1.381","1.2853","897.22","6.7535","24.192","7.3011","0.980969","78.8427","3.366","133.75","1307.2","0.3066","4.457","45.1102","20.6305","1.603978","9.6864","0.3845","3.914","55.393","4.6164","3.64","60.2374","3.75","1.381","16.7902","10.2208","0.9586","36.197","6.7554","3.6725","0.820883","1","40.906",""
"16-May-23","146.0574","1.448016","12.72265","5.4516","1.3912","1.2876","927.49","6.7689","24.065","7.3055","0.981354","79.9101","3.441","137.32","1312.1","","4.453","44.9547","20.515","1.602949","9.9605","","3.91","56.345","4.692","","57.3917","","1.3912","16.8846","10.2514","0.9655","36.84","6.7765","","0.83654","1","",""
"17-May-23","146.1439","1.470156","","5.3669","1.3974","1.2948","988.22","6.7425","24.193","7.3473","0.987069","79.8958","3.455","","1323.7","0.3077","4.4493","45.1107","20.3957","1.613944","10.1227","0.3845","3.884","56.369","4.7152","3.64","56.5616","3.75","1.3974","17.1675","10.4066","0.9762","36.602","6.7507","3.6725","0.834446","1","",""
"18-May-23","146.3441","","12.2549","5.1361","1.3907","1.2915","838.61","6.7347","23.649","7.1159","0.95648","78.143","","135","","0.3066","4.415","44.1207","20.4527","1.581153","9.873","","","52.951","4.4209","3.64","","3.75","1.3907","16.05755","10.0676","0.99275","34.812","6.7614","","0.819706","1","40.097",""
"19-May-23","146.3493","1.435544","12.2549","","1.3927","1.2915","863.33","6.7316","23.689","","0.956755","78.0015","","134.12","","0.3067","4.424","44.1419","20.6583","","","","","","4.4478","3.64","57.0926","3.75","1.3927","16.0585","10.1332","0.99415","34.951","","3.6725","0.827404","1","",""
"20-May-23","146.0823","1.448016","12.2399","","1.3919","1.2915","866.79","6.7201","23.689","7.1318","0.958681","78.0755","3.454","134.99","","0.30685","4.4193","44.1689","20.6675","1.603206","9.9576","0.3845","3.719","53.273","4.4455","3.64","56.6624","3.75","1.3919","16.01095","10.136","0.99855","35.079","","3.6725","0.827061","1","40.084",""
"23-May-23","146.5735","1.428776","","","1.3878","1.2915","863.95","6.7135","","","0.961538","78.0864","","134.26","","0.3067","4.3993","44.2361","20.5728","","10.0565","0.3845","","53.37","","3.64","","3.75","1.3878","","10.2683","","34.963","","3.6725","0.827369","1","",""
"24-May-23","146.0712","1.4537","12.2549","5.1476","1.3913","1.3039","861.76","6.7838","23.953","7.1496","0.960799","77.5868","3.466","129.74","1277","0.3068","4.3865","43.2642","20.32","1.588689","9.8864","0.3845","3.795","52.267","4.4863","3.64","65.7916","3.75","1.3913","","10.1327","0.99615","34.728","6.7531","3.6725","0.819101","1","41.753",""
"25-May-23","146.2839","1.449696","12.2399","5.1069","1.3948","1.2953","867.93","6.7825","23.825","","0.962927","77.3543","3.412","128.9","1286.4","","4.397","43.257","20.1443","1.602949","","","3.772","52.386","4.4849","","63.7799","","1.3948","16.13065","10.1011","0.9996","34.736","6.7518","","0.819706","1","41.442",""
"26-May-23","146.14","1.451589","12.30012","5.066","","1.2888","861.04","6.8023","23.709","7.1405","0.959509","","3.419","128.95","1286","0.307","","43.2181","20.0782","1.595787","9.805","0.3845","3.777","52.434","4.4785","3.64","63.4445","3.75","","16.23945","10.0594","1.00405","","6.7392","3.6725","0.815129","1","",""
"27-May-23","146.0768","1.476887","12.72265","5.3987","1.4062","1.2976","1008.81","6.72","24.244","7.3921","0.993345","79.6592","","137.12","1312.9","","4.4315","","20.7613","1.630523","10.1746","0.3845","","56.318","4.8221","3.64","58.5322","","1.4062","","10.6076","0.97745","","6.7588","3.6725","0.839278","1","41.074",""
"31-May-23","145.8585","1.427144","12.22494","4.967","1.3908","1.2834","857.98","6.7535","23.453","7.0595","0.948677","77.651","3.363","129.34","1281.6","0.30685","4.395","43.2303","19.9637","1.579529","","0.3845","3.755","52.455","4.4379","3.64","63.5428","3.75","1.3908","15.9999","9.9885","0.99565","34.626","6.7524","3.6725","0.802214","1","40.6",""
"1-Jun-23","145.5208","1.421666","12.16545","4.9586","1.3877","1.2841","850.78","6.7518","23.422","7.072","0.950299","77.5716","3.354","129.31","1277.2","0.3065","4.3945","43.2688","19.9663","1.573069","9.7049","0.3845","3.766","52.448","4.4279","3.64","63.5643","3.75","1.3877","15.90895","9.9506","0.9965","34.624","6.7445","3.6725","0.806387","1","40.481",""
"2-Jun-23","146.1729","1.451589","12.36094","5.2374","1.3918","1.2886","919.97","6.6948","23.821","7.162","0.962742","78.9421","3.5","136.63","1292.9","0.3067","","45.296","20.1335","1.609399","9.9629","0.3845","3.82","55.021","4.4825","3.64","52.5123","3.75","1.3918","16.3623","10.2194","0.9593","35.287","6.7531","3.6725","0.825832","1","39.863",""
"3-Jun-23","146.1505","1.464129","","5.3136","1.3929","","932.08","6.7042","23.747","7.1358","0.959233","79.094","3.526","135.98","1299.8","","4.409","45.4389","20.3817","1.605008","9.9425","","3.843","54.97","4.5106","","53.7676","3.75","1.3929","16.416","10.2905","0.96035","35.537","6.7569","","0.829463","1","39.955",""
"6-Jun-23","","1.454969","12.37624","5.3893","1.3964","1.3038","927.53","6.6977","","7.2299","0.971817","79.079","3.519","136.13","1297.9","0.3068","4.417","45.5902","20.5598","1.606555","9.9951","0.3845","3.856","55.09","4.5947","3.64","58.5118","3.75","1.3964","16.4244","10.3851","0.9649","35.704","6.7554","3.6725","0.831739","1","40.178",""
"7-Jun-23","146.9768","1.476887","12.72265","5.3987","1.4062","1.2976","1008.81","6.72","24.244","7.3921","0.993345","79.6592","","137.12","1312.9","","4.4315","","20.7613","1.630523","10.1746","0.3845","","56.318","4.8221","3.64","58.5322","3.75","1.4062","","10.6076","0.97745","","6.7588","3.6725","0.839278","1","41.074",""
"8-Jun-23","147.0635","1.479947","12.73885","5.4562","1.3956","1.3138","1010.16","6.7383","24.399","7.4388","0.9995","79.871","3.472","138","1305.9","0.3078","4.4415","44.9104","20.9415","1.635724","10.2485","0.3845","3.951","56.339","4.8274","3.64","58.2568","3.75","1.3956","16.9311","10.5904","0.98405","36.363","6.7533","3.6725","0.845594","1","41.951",""
"9-Jun-23","147.07","1.4707","12.7389","5.4789","1.399","1.3138","1010.17","6.7651","24.44","7.455","0.994135","79.99","3.551","138.9","","","","","","","","","","","","","","3.75","","","","0.9796","","","","0.84463","1","",""
"10-Jun-23","146.1439","1.470156","","5.3669","1.3974","1.2948","988.22","6.7425","24.193","7.3473","0.987069","79.8958","3.455","","1323.7","0.3077","4.4493","45.1107","20.3957","1.613944","10.1227","0.3845","3.884","56.369","4.7152","3.64","56.5616","3.75","1.3974","17.1675","10.4066","0.9762","36.602","6.7507","3.6725","0.834446","1","",""
"13-Jun-23","145.5507","1.459641","","5.3898","1.3971","1.2904","940.9","6.7438","23.97","7.2669","0.976086","79.9478","3.435","138.22","1317.8","0.3075","4.457","45.1156","20.4407","1.626281","9.9327","0.3845","3.866","56.341","4.6594","3.64","55.437","3.75","1.3971","17.03435","10.3086","0.96775","36.657","6.7623","3.6725","0.831601","1","41.993",""
"14-Jun-23","145.6125","1.446759","12.73885","5.4282","1.3913","1.2884","929.83","6.7531","24.012","7.2999","0.980488","79.9738","3.447","138.15","1314.9","0.30715","4.449","45.1335","20.4913","1.602693","9.9346","0.3845","3.878","56.335","4.6524","3.64","54.8491","3.75","1.3913","17.0676","10.2008","0.9703","36.656","6.7672","3.6725","0.83462","1","41.844",""
"15-Jun-23","145.9332","1.447178","12.7551","5.4744","1.3924","1.2895","919.93","6.7643","23.963","7.2993","0.980488","79.9763","3.455","138.45","1308.6","0.30725","4.4565","45.0128","20.6562","1.607071","9.9765","0.3845","","56.277","4.6682","3.64","56.4783","3.75","1.3924","17.174","10.2197","0.97265","36.784","6.7758","3.6725","0.835981","1","",""
"16-Jun-23","146.0574","1.448016","12.72265","5.4516","1.3912","1.2876","927.49","6.7689","24.065","7.3055","0.981354","79.9101","3.441","137.32","1312.1","","4.453","44.9547","20.515","1.602949","9.9605","0.3845","3.91","56.345","4.692","","57.3917","","1.3912","16.8846","10.2514","0.9655","36.84","6.7765","","0.83654","1","",""
"17-Jun-23","145.7979","1.447387","12.65823","5.4138","1.388","1.2852","932.83","6.7546","23.962","7.2733","0.976944","79.8488","3.44","136.6","1311.7","0.30705","4.4555","45.0147","20.4652","1.604879","9.8382","0.3845","3.91","56.327","4.6171","3.64","57.7821","3.75","1.388","16.76435","10.2083","0.96355","36.714","6.7541","3.6725","0.829807","1","41.676",""
"21-Jun-23","145.6248","1.436575","12.61034","5.3602","1.3861","1.2883","941.03","6.7572","24.313","7.3537","0.987752","79.7948","3.445","136.45","1311","0.30705","4.457","45.0467","20.433","1.594261","9.8879","0.3845","3.911","56.184","4.6222","3.64","58.6605","3.75","1.3861","16.8597","10.1991","0.9647","36.668","6.758","3.6725","0.833403","1","41.669",""
"22-Jun-23","146.1006","1.440922","12.69036","5.3068","1.3891","1.2872","922.04","6.7594","24.212","7.3331","0.985028","79.8967","3.427","136.99","1310","0.30725","4.46","45.1053","20.512","1.602949","9.8067","0.3845","3.916","55.647","4.7142","3.64","60.2198","3.75","1.3891","16.86975","10.2932","0.9614","36.822","6.7469","3.6725","0.829153","1","41.514",""
"23-Jun-23","145.6867","1.42388","12.57862","5.2143","1.3819","1.2835","920.49","6.743","24.296","7.3545","0.987947","79.7434","3.433","135.3","1312.8","0.3069","4.455","45.1292","20.3778","1.595914","9.779","0.3845","","55.635","4.6952","3.64","60.2031","3.75","1.3819","16.7847","10.2207","0.9615","","6.745","3.6725","0.825083","1","41.008",""
"24-Jun-23","145.458","1.427144","12.48439","5.1878","","1.2824","911.42","6.7286","24.135","7.2993","0.980584","79.4203","3.391","133","1304","","4.4485","45.139","20.3485","1.588562","","0.3845","","","4.6365","","61.3101","","1.3785","16.5236","10.1362","0.9516","","6.7483","","0.820883","1","40.934",""
"27-Jun-23","145.4334","","12.56281","5.16","1.3803","","905.1","6.7522","24.072","7.2762","0.977231","79.169","3.382","132.5","1298.6","0.3066","4.4515","45.2559","20.2633","1.589193","9.6392","0.3845","3.885","55.322","4.629","3.64","62.0506","3.75","1.3803","16.5011","10.1659","","36.207","","3.6725","0.816727","1","40.663",""
"28-Jun-23","145.4148","1.437608","12.5","5.2323","1.3769","1.2856","893.19","6.7607","24.112","7.2801","0.978091","78.6082","3.367","130.85","1306.4","0.3063","4.4565","45.0871","20.5152","1.580278","9.7129","0.3845","3.914","55.396","4.5984","3.64","60.1595","3.75","1.3769","16.59285","10.1743","0.95285","36.087","6.7269","3.6725","0.819437","1","41.013",""
"29-Jun-23","145.7423","1.442169","12.59446","5.284","1.381","1.2853","897.22","6.7535","24.192","7.3011","0.980969","78.8427","3.366","133.75","1307.2","0.3066","4.457","45.1102","20.6305","1.603978","9.6864","0.3845","3.914","55.393","4.6164","3.64","60.2374","3.75","1.381","16.7902","10.2208","0.9586","36.197","6.7554","3.6725","0.820883","1","40.906",""
"30-Jun-23","144.8254","1.436575","12.64223","5.2403","1.3809","1.2854","907.82","6.7547","24.226","7.3102","0.982222","79.5427","3.35","133.62","1310.5","0.30675","4.4543","45.28","20.3358","1.591596","9.7304","0.3845","3.885","55.674","4.634","3.64","60.258","3.75","1.3809","16.7444","10.1997","0.95945","36.151","6.7587","3.6725","0.821524","1","40.654",""
"1-Jul-23","144.1666","1.435132","12.56281","5.2159","1.3758","1.2934","903.91","6.7471","24.025","7.2721","0.977231","79.1158","3.335","133.01","1309.7","","4.4545","45.3837","20.401","1.588815","9.7547","","3.896","55.712","4.6024","","60.3696","","1.3758","16.64875","10.1279","0.95535","35.654","6.7644","","0.823655","1","40.612",""
"5-Jul-23","144.22","1.441545","12.64223","5.1241","1.3819","1.2857","914.49","6.7576","24.039","7.2953","0.980488","79.5785","3.327","135.4","1299.3","0.30685","4.461","45.3969","20.2789","1.600384","9.7465","0.3845","3.911","55.294","4.6127","3.64","60.3164","3.75","1.3819","16.6336","10.1655","0.9575","35.783","6.7662","3.6725","0.826037","1","40.178",""
"6-Jul-23","143.6168","1.433692","12.59446","5.1218","","1.288","906.03","6.7554","23.969","7.2706","0.977135","","3.307","134.86","1304.8","0.30685","4.4558","45.2315","20.2715","1.593372","9.7093","0.3845","3.927","55.594","4.5919","3.64","60.3814","3.75","","","10.1517","0.9532","35.481","","3.6725","0.825934","1","40.013",""
"7-Jul-23","143.468","1.437608","12.57862","5.0491","1.3783","1.2789","900.78","6.7577","23.798","7.2568","0.975419","79.5033","3.291","135.2","1305.1","0.30675","4.457","45.0364","19.9562","1.590331","9.6682","0.3845","3.893","55.542","4.6112","3.64","60.4542","3.75","1.3783","16.46515","10.173","0.9489","35.419","6.7502","3.6725","0.826651","1","40.087",""
"8-Jul-23","142.9225","1.413428","12.40695","5.1121","1.3716","1.2753","889.38","6.7383","23.548","7.1963","0.967305","79.4881","3.259","","1309.1","0.3064","4.447","44.802","19.9595","1.563599","9.4835","0.3845","3.882","55.752","4.5206","3.64","60.6229","3.75","1.3716","16.18575","10.0318","0.9415","35.308","6.7613","3.6725","0.819303","1","40.19",""
"11-Jul-23","142.9109","1.4041","12.42236","5.1017","1.3695","1.2783","882.33","6.7347","23.706","7.2333","0.97229","79.7011","3.241","133.35","1302.5","","4.4405","44.782","19.874","1.555331","9.5411","","3.859","55.474","4.5459","","60.8993","","1.3695","16.26875","10.0943","0.943","","6.7551","3.67246","0.824538","1","40.126",""
"12-Jul-23","142.1134","1.411831","12.4533","5.0919","1.3724","1.2908","","6.7677","23.992","7.295","0.980873","","3.265","133","","0.3065","4.4525","","19.8618","1.55159","9.6822","0.3845","3.849","55.532","","3.64","61.3747","3.75","1.3724","16.26875","10.2472","0.9453","35.447","6.7424","3.6725","0.827096","1","40.09",""
"13-Jul-23","142.2473","1.420858","12.53133","5.1334","1.3781","1.2867","882.72","6.7898","24.224","7.3406","0.987069","","3.273","133.17","1303.1","0.30675","4.4638","45.0378","19.9303","1.572698","9.7155","0.3845","3.858","55.843","4.6282","3.64","61.4247","3.75","1.3781","16.44835","10.386","0.95065","35.412","6.726","3.6725","0.831808","1","40.139",""
"14-Jul-23","141.9764","1.42369","12.53133","5.1779","1.3795","1.2912","882.2","6.777","24.167","7.3177","0.983865","79.4335","3.259","134.31","1309.6","0.30675","4.4655","45.1275","20.0387","1.574307","9.684","0.3845","3.838","55.966","4.6119","3.64","60.7552","3.75","1.3795","16.6318","10.3712","0.9517","35.414","6.736","3.6725","0.82631","1","40.373",""
"15-Jul-23","141.3607","1.443626","12.64223","5.1767","1.3836","1.2928","895.76","6.7932","24.18","7.3088","0.982511","79.6667","3.243","134.88","1309.8","0.3069","4.472","45.2999","20.0835","1.594134","9.6564","0.3845","3.838","55.826","4.6468","3.64","59.957","3.75","1.3836","16.69665","10.4333","0.95325","35.59","6.7404","3.6725","0.8296","1","40.51",""
"18-Jul-23","141.1624","1.446341","12.73885","5.1955","1.3869","1.2991","918.2","6.8119","24.495","7.3974","0.994629","79.7528","3.256","136.28","1317.3","","4.4778","45.622","20.1957","1.60475","9.7889","","3.85","55.856","4.7061","","59.1321","","1.3869","17.00635","10.5231","0.9566","35.724","6.7511","3.67245","0.844274","1","40.489",""
"19-Jul-23","141.0594","1.450958","12.78772","5.1703","1.3927","1.3035","945.35","6.8362","24.649","7.4363","0.9999","79.8703","3.282","137.2","1326.7","0.3074","4.482","45.5639","20.1598","1.617076","9.7709","0.3845","3.869","55.979","4.7427","3.64","59.7419","3.75","1.3927","17.0733","10.6251","0.9587","35.938","6.7687","3.6725","0.84717","1","40.431",""
"20-Jul-23","141.218","1.454122","12.83697","5.1024","1.3971","1.2972","945.47","6.8594","24.831","7.4921","1.007354","79.8903","3.281","137.28","1338.2","0.30775","4.4875","45.8058","19.9982","1.615509","9.8155","0.3845","3.856","56.107","4.803","3.64","59.8963","3.75","1.3971","17.0651","10.718","0.9667","36.226","6.756","3.6725","0.850051","1","40.369",""
"21-Jul-23","146.7524","1.465846","12.59446","5.3634","1.4015","1.2986","972.66","6.7099","24.344","7.3089","0.982318","79.0235","3.491","135.7","1307.4","0.3073","4.426","45.6079","20.6022","1.623245","10.109","0.3845","3.881","55.574","4.7029","3.64","63.1427","3.75","1.4015","16.72255","10.5345","0.97295","36.19","6.7669","3.6725","0.834028","1","40.265",""
"22-Jul-23","146.8144","1.465416","12.59446","5.308","1.3912","","959.7","6.7049","24.224","7.323","0.983961","79.2499","3.48","136.02","1302.7","0.30775","4.4255","45.6478","20.4423","1.617076","10.0984","0.3855","3.897","55.909","4.7417","3.633","61.2664","3.75","1.4017","16.92685","10.5879","0.9767","35.987","6.7677","3.6724","0.834202","1","40.298",""
"25-Jul-23","146.894","1.467782","12.67427","5.3471","1.3781","1.3","966.74","6.7093","24.351","7.3692","0.990295","79.4098","3.474","136.45","1299.3","0.30775","","45.5082","20.7473","1.62114","10.199","0.3855","3.928","55.971","4.7416","3.633","61.3045","3.75","","","10.5945","0.98035","36.012","6.7613","3.6724","0.83626","1","40.546",""
"26-Jul-23","146.9044","1.465416","12.59446","5.308","1.3795","","959.7","6.7049","24.224","7.323","0.983961","79.2499","3.48","136.02","1302.7","0.30765","4.4255","45.6478","20.4423","1.617076","10.0984","0.3855","3.897","55.909","4.7417","3.633","61.2664","3.75","1.4017","16.92685","10.5879","0.9767","35.987","6.7677","3.6724","0.834202","1","40.298",""
"27-Jul-23","146.7904","1.467782","12.67427","5.3471","1.3836","1.3","966.74","6.7093","24.351","7.3692","0.990295","79.4098","3.474","136.45","1299.3","0.30765","","45.5082","20.7473","1.62114","10.199","0.3855","3.928","55.971","4.7416","3.633","61.3045","3.75","","","10.5945","0.98035","36.012","6.7613","3.6724","0.83626","1","40.546",""
"28-Jul-23","147.824","1.488095","12.77139","5.4114","1.4068","1.3015","989.95","6.7355","24.476","7.4097","0.995818","79.6401","3.484","137.15","1300.6","","4.4365","45.168","20.7882","1.634388","10.2324","0.3855","3.965","","4.8284","3.633","58.8541","3.75","1.4068","17.0895","10.6538","0.98525","36.304","6.7178","3.6725","0.844202","1","41.006",""
"29-Jul-23","146.9768","1.476887","12.72265","5.3987","1.4062","1.2976","1008.81","6.72","24.244","7.3921","0.993345","79.6592","","137.12","1312.9","","4.4315","","20.7613","1.630523","10.1746","0.3845","","56.318","4.8221","3.64","58.5322","3.75","1.4062","","10.6076","0.97745","","6.7588","3.6725","0.839278","1","41.074",""
"1-Aug-23","147.0635","1.479947","12.73885","5.4562","1.3956","1.3138","1010.16","6.7383","24.399","7.4388","0.9995","79.871","3.472","138","1305.9","0.3078","4.4415","44.9104","20.9415","1.635724","10.2485","0.3845","3.951","56.339","4.8274","3.64","58.2568","3.75","1.3956","16.9311","10.5904","0.98405","36.363","6.7533","3.6725","0.845594","1","41.951",""
"2-Aug-23","147.1624","1.488095","12.77139","5.4114","1.4068","1.3015","989.95","6.7355","24.476","7.4097","0.995818","79.6401","3.484","137.15","1300.6","","4.4365","45.168","20.7882","1.634388","10.2324","0.3855","3.965","","4.8284","3.633","58.8541","3.75","1.4068","17.0895","10.6538","0.98525","36.304","6.7178","3.6725","0.844202","1","41.006",""
"3-Aug-23","145.4148","1.437608","12.5","5.2323","1.3769","1.2856","893.19","6.7607","24.112","7.2801","0.978091","78.6082","3.367","130.85","1306.4","0.3063","4.4565","45.0871","20.5152","1.580278","9.7129","0.3845","3.914","55.396","4.5984","3.64","60.1595","3.75","1.3769","16.59285","10.1743","0.95285","36.087","6.7269","3.6725","0.819437","1","41.013",""
"4-Aug-23","145.7423","1.442169","12.59446","5.284","1.381","1.2853","897.22","6.7535","24.192","7.3011","0.980969","78.8427","3.366","133.75","1307.2","0.3066","4.457","45.1102","20.6305","1.603978","9.6864","0.3845","3.914","55.393","4.6164","3.64","60.2374","3.75","1.381","16.7902","10.2208","0.9586","36.197","6.7554","3.6725","0.820883","1","40.906",""
"5-Aug-23","144.8254","1.436575","12.64223","5.2403","1.3809","1.2854","907.82","6.7547","24.226","7.3102","0.982222","79.5427","3.35","133.62","1310.5","0.30675","4.4543","45.28","20.3358","1.591596","9.7304","0.3845","3.885","55.674","4.634","3.64","60.258","3.75","1.3809","16.7444","10.1997","0.95945","36.151","6.7587","3.6725","0.821524","1","40.654",""
"8-Aug-23","145.9337","1.447178","12.7551","5.4744","1.3924","1.2895","919.93","6.7643","23.963","7.2993","0.980488","79.9763","3.455","138.45","1308.6","0.30725","4.4565","45.0128","20.6562","1.607071","9.9765","0.3845","","56.277","4.6682","3.64","56.4783","3.75","1.3924","17.174","10.2197","0.97265","36.784","6.7758","3.6725","0.835981","1","",""
"9-Aug-23","146.0574","1.448016","12.72265","5.4516","1.3912","1.2876","927.49","6.7689","24.065","7.3055","0.981354","79.9101","3.441","137.32","1312.1","","4.453","44.9547","20.515","1.602949","9.9605","0.3855","3.91","56.345","4.692","","57.3917","","1.3912","16.8846","10.2514","0.9655","36.84","6.7765","3.6724","0.83654","1","",""
"10-Aug-23","142.2473","1.420858","12.53133","5.1334","1.3781","1.2867","882.72","6.7898","24.224","7.3406","0.987069","","3.273","133.17","1303.1","0.30675","4.4638","45.0378","19.9303","1.572698","9.7155","0.3845","3.858","55.843","4.6282","3.64","61.4247","3.75","1.3781","16.44835","10.386","0.95065","35.412","6.726","3.6725","0.831808","1","40.139",""
"11-Aug-23","141.9764","1.42369","12.53133","5.1779","1.3795","1.2912","882.2","6.777","24.167","7.3177","0.983865","79.4335","3.259","134.31","1309.6","0.30675","4.4655","45.1275","20.0387","1.574307","9.684","0.3845","3.838","55.966","4.6119","3.64","60.7552","3.75","1.3795","16.6318","10.3712","0.9517","35.414","6.736","3.6725","0.82631","1","40.373",""
"12-Aug-23","141.3607","1.443626","12.64223","5.1767","1.3836","1.2928","895.76","6.7932","24.18","7.3088","0.982511","79.6667","3.243","134.88","1309.8","0.3069","4.472","45.2999","20.0835","1.594134","9.6564","0.3845","3.838","55.826","4.6468","3.64","59.957","3.75","1.3836","16.69665","10.4333","0.95325","35.59","6.7404","3.6725","0.8296","1","40.51",""
"15-Aug-23","142.9109","1.4041","12.42236","5.1017","1.3695","1.2783","882.33","6.7347","23.706","7.2333","0.97229","79.7011","3.241","133.35","1302.5","","4.4405","44.782","19.874","1.555331","9.5411","0.3845","3.859","55.474","4.5459","3.633","60.8993","3.75","1.3695","16.26875","10.0943","0.943","","6.7551","3.6724","0.824538","1","40.126",""
"16-Aug-23","142.1134","1.411831","12.4533","5.0919","1.3724","1.2908","","6.7677","23.992","7.295","0.980873","","3.265","133","","0.3065","4.4525","","19.8618","1.55159","9.6822","0.3845","3.849","55.532","","3.64","61.3747","3.75","1.3724","16.26875","10.2472","0.9453","35.447","6.7424","3.6725","0.827096","1","40.09",""
"17-Aug-23","142.2473","1.420858","12.53133","5.1334","1.3781","1.2867","882.72","6.7898","24.224","7.3406","0.987069","","3.273","133.17","1303.1","0.30675","4.4638","45.0378","19.9303","1.572698","9.7155","0.3845","3.858","55.843","4.6282","3.64","61.4247","3.75","1.3781","16.44835","10.386","0.95065","35.412","6.726","3.6725","0.831808","1","40.139",""
"18-Aug-23","141.1624","1.446341","12.73885","5.1955","1.3869","1.2991","918.2","6.8119","24.495","7.3974","0.994629","79.7528","3.256","136.28","1317.3","","4.4778","45.622","20.1957","1.60475","9.7889","0.3845","3.85","55.856","4.7061","3.633","59.1321","3.75","1.3869","17.00635","10.5231","0.9566","35.724","6.7511","3.6725","0.844274","1","40.489",""
"19-Aug-23","141.0594","1.450958","12.78772","5.1703","1.3927","1.3035","945.35","6.8362","24.649","7.4363","0.9999","79.8703","3.282","137.2","1326.7","0.3074","4.482","45.5639","20.1598","1.617076","9.7709","0.3845","3.869","55.979","4.7427","3.64","59.7419","3.75","1.3927","17.0733","10.6251","0.9587","35.938","6.7687","3.6725","0.84717","1","40.431",""
"22-Aug-23","141.218","1.454122","12.83697","5.1024","1.3971","1.2972","945.47","6.8594","24.831","7.4921","1.007354","79.8903","3.281","137.28","1338.2","0.30775","4.4875","45.8058","19.9982","1.615509","9.8155","0.3845","3.856","56.107","4.803","3.64","59.8963","3.75","1.3971","17.0651","10.718","0.9667","36.226","6.756","3.6725","0.850051","1","40.369",""
"23-Aug-23","141.218","1.454122","12.83697","5.1024","1.3971","1.2972","945.47","6.8594","24.831","7.4921","1.007354","79.8903","3.281","137.28","1338.2","0.30775","4.4875","45.8058","19.9982","1.615509","9.8155","0.3845","3.856","56.107","4.803","3.64","59.8963","3.75","1.3971","17.0651","10.718","0.9667","36.226","6.756","3.6725","0.850051","1","40.369",""
"24-Aug-23","140.9474","1.448226","12.83697","5.1044","1.3955","1.2983","926.94","6.8634","24.786","7.4875","1.006644","79.7927","3.278","136.9","1341.8","0.30765","4.4875","45.0664","19.9198","1.616031","9.7","0.3845","3.861","","4.8029","3.64","59.9974","3.75","1.3955","16.99695","10.6617","0.964","36.162","6.7701","3.6725","0.849185","1","40.401",""
"25-Aug-23","140.6518","1.437815","12.73885","5.1167","1.3916","1.2937","915.6","6.8516","24.725","7.4598","1.003009","79.8705","3.287","136.94","1341.4","0.30765","4.4785","44.5236","19.9437","1.611604","9.669","0.3845","3.849","56.201","4.7546","3.64","59.7699","3.75","1.3916","16.8312","10.5645","0.9638","35.894","6.7554","3.6725","0.845594","1","",""
"26-Aug-23","140.4196","1.437401","12.73885","5.0897","1.3904","1.2989","910.03","6.8613","24.615","7.4327","0.9993","79.9097","3.259","136.72","1336.9","","4.4743","44.3623","19.9268","1.612903","9.6602","","","56.008","4.7465","3.633","60.0924","3.755","1.3904","16.80035","10.6006","0.9628","35.9","6.7171","3.6725","0.844951","1","40.421",""
